-- phpMyAdmin SQL Dump
-- version 5.2.0
-- https://www.phpmyadmin.net/
--
-- Host: 127.0.0.1
-- Generation Time: Jul 28, 2022 at 05:08 PM
-- Server version: 10.4.24-MariaDB
-- PHP Version: 7.4.29

SET SQL_MODE = "NO_AUTO_VALUE_ON_ZERO";
START TRANSACTION;
SET time_zone = "+00:00";


/*!40101 SET @OLD_CHARACTER_SET_CLIENT=@@CHARACTER_SET_CLIENT */;
/*!40101 SET @OLD_CHARACTER_SET_RESULTS=@@CHARACTER_SET_RESULTS */;
/*!40101 SET @OLD_COLLATION_CONNECTION=@@COLLATION_CONNECTION */;
/*!40101 SET NAMES utf8mb4 */;

--
-- Database: `equiz`
--

-- --------------------------------------------------------

--
-- Table structure for table `class`
--

CREATE TABLE `class` (
  `class_id` int(11) NOT NULL,
  `class_section` varchar(10) NOT NULL
) ENGINE=InnoDB DEFAULT CHARSET=latin1;

--
-- Dumping data for table `class`
--

INSERT INTO `class` (`class_id`, `class_section`) VALUES
(1, '4 BTI'),
(2, '4 FGI'),
(3, '4 KHW'),
(4, '4 FBI'),
(5, '4 ZHW');

-- --------------------------------------------------------

--
-- Table structure for table `question`
--

CREATE TABLE `question` (
  `id` int(11) NOT NULL,
  `question` varchar(500) NOT NULL,
  `question_type` int(11) NOT NULL COMMENT '1 = selection\r\n2 = pictures',
  `question_img` longtext DEFAULT NULL,
  `quiz_id` int(11) NOT NULL,
  `date_updated` datetime NOT NULL DEFAULT current_timestamp() ON UPDATE current_timestamp()
) ENGINE=InnoDB DEFAULT CHARSET=latin1;

--
-- Dumping data for table `question`
--

INSERT INTO `question` (`id`, `question`, `question_type`, `question_img`, `quiz_id`, `date_updated`) VALUES
(1, 'Berikut merupakan perkara yang berkaitan dengan pemboleh ubah, KECUALI', 1, NULL, 1, '2022-07-28 22:23:49'),
(2, 'Terdapat 2 kategori pengisytiharan bagi pemboleh ubah, iaitu', 3, NULL, 1, '2022-07-28 22:25:47'),
(3, 'Pilih jenis data dan pengisytiharan yang betul', 1, NULL, 1, '2022-07-28 22:26:27'),
(4, 'Pemboleh ubah bagi ‘harga’ boleh menggunakan jenis data ____________', 1, NULL, 1, '2022-07-28 22:26:58'),
(5, 'Antara senarai berikut yang manakah perkataan yang boleh digunakan untuk menamakan suatu pembolehubah?', 1, NULL, 1, '2022-07-28 22:27:38'),
(6, 'Antara berikut yang manakah penyataan yang betul untuk pengisytiharan pemboleh ubah bagi jenis data integer?', 1, NULL, 1, '2022-07-28 22:28:08'),
(7, 'Anda diminta untuk menyediakan satu program mudah yang boleh memasukkan maklumat pengguna seperti nama, jantina dan nombor kad pengenalan. Senaraikan pemboleh ubah dan jenis data yang digunakan.', 1, NULL, 1, '2022-07-28 22:28:43'),
(8, 'Berikut adalah penyataan bagi pemalar KECUALI', 1, NULL, 1, '2022-07-28 22:29:35');

-- --------------------------------------------------------

--
-- Table structure for table `question_option`
--

CREATE TABLE `question_option` (
  `id` int(11) NOT NULL,
  `option_text` varchar(500) DEFAULT NULL,
  `option_img` longtext DEFAULT NULL,
  `question_id` int(11) NOT NULL,
  `is_right` int(11) NOT NULL COMMENT '1=correct, 0=incorrect, 2=incorrect',
  `date_updated` datetime NOT NULL DEFAULT current_timestamp() ON UPDATE current_timestamp()
) ENGINE=InnoDB DEFAULT CHARSET=latin1;

--
-- Dumping data for table `question_option`
--

INSERT INTO `question_option` (`id`, `option_text`, `option_img`, `question_id`, `is_right`, `date_updated`) VALUES
(1, 'Ruang simpanan sementara untuk nombor, teks dan objek', NULL, 1, 0, '2022-07-28 22:23:49'),
(2, 'Nilai pemboleh ubah merupakan sentiasa berubah semasa berlakunya pemprosesan data', NULL, 1, 0, '2022-07-28 22:23:49'),
(3, 'Pengatur cara tidak perlu memberikan nama kepada setiap pemboleh ubah yang digunakan untuk menyelesaikan masalah', NULL, 1, 1, '2022-07-28 22:23:49'),
(4, 'komputer menggunakan nama pemboleh ubah sebagai rujukan untuk mencari nilai pemboleh ubah', NULL, 1, 0, '2022-07-28 22:23:49'),
(5, 'umpukan', NULL, 2, 2, '2022-07-28 22:25:47'),
(6, 'sejagat', NULL, 2, 1, '2022-07-28 22:25:47'),
(7, 'sejajar', NULL, 2, 2, '2022-07-28 22:25:47'),
(8, 'setempat', NULL, 2, 1, '2022-07-28 22:25:47'),
(9, 'semua di atas', NULL, 2, 2, '2022-07-28 22:25:47'),
(10, 'Rentetan - str', NULL, 3, 0, '2022-07-28 22:26:27'),
(11, 'Nombor nyata - double', NULL, 3, 1, '2022-07-28 22:26:27'),
(12, 'Integer - interger', NULL, 3, 0, '2022-07-28 22:26:27'),
(13, 'Boolean – Yes/No', NULL, 3, 0, '2022-07-28 22:26:27'),
(14, 'boolean', NULL, 4, 0, '2022-07-28 22:26:58'),
(15, 'integer', NULL, 4, 0, '2022-07-28 22:26:58'),
(16, 'double', NULL, 4, 1, '2022-07-28 22:26:58'),
(17, 'char', NULL, 4, 0, '2022-07-28 22:26:58'),
(18, 'saya', NULL, 5, 0, '2022-07-28 22:27:38'),
(19, 'wira', NULL, 5, 0, '2022-07-28 22:27:38'),
(20, 'luas', NULL, 5, 1, '2022-07-28 22:27:38'),
(21, 'bulat', NULL, 5, 0, '2022-07-28 22:27:38'),
(22, 'integer kira;', NULL, 6, 0, '2022-07-28 22:28:08'),
(23, 'int hasil tambah;', NULL, 6, 0, '2022-07-28 22:28:08'),
(24, 'integer  nama;', NULL, 6, 0, '2022-07-28 22:28:08'),
(25, 'int jawapan;', NULL, 6, 1, '2022-07-28 22:28:08'),
(26, 'str nama; str jantina; integer nokadpengenalan;', NULL, 7, 0, '2022-07-28 22:28:43'),
(27, 'string nama; string jantina; int nokadpengenalan;', NULL, 7, 1, '2022-07-28 22:28:43'),
(28, 'str nama; str jantina; integer no kad pengenalan;', NULL, 7, 0, '2022-07-28 22:28:43'),
(29, 'string nama; string jantina; int no kad pengenalan;', NULL, 7, 0, '2022-07-28 22:28:43'),
(30, 'markah lulus ialah 40', NULL, 8, 0, '2022-07-28 22:29:35'),
(31, 'jarak adalah 45km', NULL, 8, 0, '2022-07-28 22:29:35'),
(32, 'pi = 3.142', NULL, 8, 1, '2022-07-28 22:29:35'),
(33, 'static double kira', NULL, 8, 0, '2022-07-28 22:29:35');

-- --------------------------------------------------------

--
-- Table structure for table `quiz_list`
--

CREATE TABLE `quiz_list` (
  `id` int(11) NOT NULL,
  `title` varchar(150) NOT NULL,
  `points` int(11) NOT NULL,
  `timer` int(11) NOT NULL,
  `u_id` int(11) NOT NULL,
  `is_active` int(11) NOT NULL COMMENT 'active = 1\r\nnot active = 0',
  `quiz_pw` varchar(50) DEFAULT NULL,
  `date_updated` datetime NOT NULL DEFAULT current_timestamp() ON UPDATE current_timestamp()
) ENGINE=InnoDB DEFAULT CHARSET=latin1;

--
-- Dumping data for table `quiz_list`
--

INSERT INTO `quiz_list` (`id`, `title`, `points`, `timer`, `u_id`, `is_active`, `quiz_pw`, `date_updated`) VALUES
(1, 'SMKDMT_T4_BAB_1.3', 2, 10, 3, 1, 'DMT4BAB1', '2022-07-28 22:41:58');

-- --------------------------------------------------------

--
-- Table structure for table `student`
--

CREATE TABLE `student` (
  `std_id` int(11) NOT NULL,
  `std_username` varchar(50) NOT NULL,
  `std_password` varchar(50) NOT NULL,
  `std_name` varchar(150) NOT NULL,
  `std_matric` varchar(25) NOT NULL,
  `std_session` varchar(20) NOT NULL,
  `class_id` int(11) NOT NULL
) ENGINE=InnoDB DEFAULT CHARSET=latin1;

--
-- Dumping data for table `student`
--

INSERT INTO `student` (`std_id`, `std_username`, `std_password`, `std_name`, `std_matric`, `std_session`, `class_id`) VALUES
(1, '051213050248', '202cb962ac59075b964b07152d234b70', 'AINA BATRISYIA BINTI MOHD SHUKRI  ', '051213050248', '2021', 2),
(2, '051125050256', '202cb962ac59075b964b07152d234b70', 'KANG LIQ HUA  ', '051125050256', '2021', 1),
(3, '050716050261', '202cb962ac59075b964b07152d234b70', 'NURHAZLINA NADHIRAH BINTI HABU ALWAZIE  ', '050716050261', '2021', 2),
(4, '050205050358', '202cb962ac59075b964b07152d234b70', 'NUR DAMIA ADLINA BINTI NOR AKRAM  ', '050205050358', '2021', 1),
(5, '050216060164', '202cb962ac59075b964b07152d234b70', 'HAIRUL SYAHMI HAKIMI BIN HAZRI  ', '050216060164', '2021', 3),
(6, '050128050150', '202cb962ac59075b964b07152d234b70', 'SURAYA IZZATI BINTI AZMI  ', '050128050150', '2021', 4),
(7, '050318050493', '202cb962ac59075b964b07152d234b70', 'ALYSSA BALQEES BINTI MOHAMAD FAIZAL  ', '050318050493', '2021', 1),
(8, '050319100034', '202cb962ac59075b964b07152d234b70', 'NUR AUNI SAFIYYAH BINTI ZULKAFLI @ ZALKAFLI  ', '050319100034', '2021', 1),
(9, '050617870010', '202cb962ac59075b964b07152d234b70', 'NUR AUNI FATIHAH BINTI MUHAMMAD FAIRUZ  ', '050617870010', '2021', 1),
(10, '050714050145', '202cb962ac59075b964b07152d234b70', 'NUR ATIQAH SYAZWANI BINTI MOHAMAD HAIROL NIZAT  ', '050714050145', '2021', 5),
(11, '050609060069', '202cb962ac59075b964b07152d234b70', 'NUR AIN FATIMAH BINTI MOHD FAZLI  ', '050609060069', '2021', 5),
(12, '051020040297', '202cb962ac59075b964b07152d234b70', 'NUR INSYIRAH SYUHADA BINTI SUHAIMI  ', '051020040297', '2021', 3),
(13, '050528101316', '202cb962ac59075b964b07152d234b70', 'NURALISYA NADIA BT MOHD AZDYNOR  ', '050528101316', '2021', 3),
(14, '050714110320', '202cb962ac59075b964b07152d234b70', 'AFIF BIN HANIF  ', '050714110320', '2021', 2),
(15, '050505050034', '202cb962ac59075b964b07152d234b70', 'PUTRI NUR BALQIS BINTI MOHD FAIRUZ FAZLI  ', '050505050034', '2021', 1),
(16, '051020050516', '202cb962ac59075b964b07152d234b70', 'NURALYAA AQILAH BINTI ROSLAN  ', '051020050516', '2021', 5),
(17, '050922040056', '202cb962ac59075b964b07152d234b70', 'NURSYAZWANA NASYRAH BINTI MOHD SAFIEE  ', '050922040056', '2021', 3),
(18, '050107050100', '202cb962ac59075b964b07152d234b70', 'KHAIRUNNISA SAFIYA BINTI MOHD SAFAWI@AHMAD SAFAWI  ', '050107050100', '2021', 4),
(19, '050704050440', '202cb962ac59075b964b07152d234b70', 'ALIYAH SOFIYA BINTI ABDUL MUIZ  ', '050704050440', '2021', 1),
(20, '050407040502', '202cb962ac59075b964b07152d234b70', 'AFIQAH BINTI MAT FAZRIM  ', '050407040502', '2021', 2),
(21, '051222160123', '202cb962ac59075b964b07152d234b70', 'NUR AYU SURAYA BT ZAIDI  ', '051222160123', '2021', 3),
(22, '051224050075', '202cb962ac59075b964b07152d234b70', 'MUHAMMAD IRFAN BIN MOHD HAFEZ  ', '051224050075', '2021', 4),
(23, '050502050223', '202cb962ac59075b964b07152d234b70', 'NUR UMAIRAH HUSNA BINTI HARIRI  ', '050502050223', '2021', 4),
(24, '050405050272', '202cb962ac59075b964b07152d234b70', 'FATIMAH MUNIIFAH BINTI ZAMRI  ', '050405050272', '2021', 4),
(25, '050208140893', '202cb962ac59075b964b07152d234b70', 'NOR SHAQILA BINTI MOHD IDRIS  ', '050208140893', '2021', 1),
(26, '050407050188', '202cb962ac59075b964b07152d234b70', 'AZA AMELIA BINTI AZMAN  ', '050407050188', '2021', 1),
(27, '051019040230', '202cb962ac59075b964b07152d234b70', 'ALEEYA FARHANA BINTI AG KATHI  ', '051019040230', '2021', 2),
(28, '050224050329', '202cb962ac59075b964b07152d234b70', 'NUR ATIQAH BINTI AMRAAN  ', '050224050329', '2021', 4),
(29, '050523030184', '202cb962ac59075b964b07152d234b70', 'AISYA ERRINNA BINTI RIDZUAN  ', '050523030184', '2021', 3),
(30, '050509050162', '202cb962ac59075b964b07152d234b70', 'AMMAR SYAHMI BIN MOHD ASRI  ', '050509050162', '2021', 5),
(31, '050518050551', '202cb962ac59075b964b07152d234b70', 'OTHMANSULAIMAN BIN HARUN  ', '050518050551', '2021', 4),
(32, '050529040199', '202cb962ac59075b964b07152d234b70', 'MUHAMMAD DANISH NAJMI BIN MOHD RADZI  ', '050529040199', '2021', 5),
(33, '050504100466', '202cb962ac59075b964b07152d234b70', 'DHIA ZULAIKHA BINTI AHMAD FADHIL  ', '050504100466', '2021', 4),
(34, '050226050234', '202cb962ac59075b964b07152d234b70', 'MUHAMMAD SAFWAN BIN KHOLID  ', '050226050234', '2021', 1),
(35, '050912050314', '202cb962ac59075b964b07152d234b70', 'INTAN NORLIANA BINTI ZAIDI  ', '050912050314', '2021', 4),
(36, '050702160144', '202cb962ac59075b964b07152d234b70', 'NURRIN FATIHAH BINTI MOHAMMAD FAISAL  ', '050702160144', '2021', 3),
(37, '050617040420', '202cb962ac59075b964b07152d234b70', 'AINAA SYAFIA BT AHMAD NAZRI  ', '050617040420', '2021', 3),
(38, '050421050344', '202cb962ac59075b964b07152d234b70', 'ZURIN NATASHA BINTI ZULKIFLI  ', '050421050344', '2021', 1),
(39, '050916050290', '202cb962ac59075b964b07152d234b70', 'UMI ZAHRAH BT JOHARI  ', '050916050290', '2021', 5),
(40, '051111140269', '202cb962ac59075b964b07152d234b70', 'NUR HASLINDA BT SAAT  ', '051111140269', '2021', 3),
(41, '051224100167', '202cb962ac59075b964b07152d234b70', 'ADAM AIMAN BIN MOHD ARIS  ', '051224100167', '2021', 1),
(42, '050219050252', '202cb962ac59075b964b07152d234b70', 'NIK NUR BATRISYIA BINTI MOHD AZAM  ', '050219050252', '2021', 3),
(43, '050226050146', '202cb962ac59075b964b07152d234b70', 'NUR ALISS QAMAREENA BINTI MOHD HAFIZAL  ', '050226050146', '2021', 2),
(44, '050821140680', '202cb962ac59075b964b07152d234b70', 'ARIS FARIHIN BIN MUHD ZAKI  ', '050821140680', '2021', 4),
(45, '050816010347', '202cb962ac59075b964b07152d234b70', 'MUHAMMAD AFFIQ BIN AZRIL  ', '050816010347', '2021', 2),
(46, '050426101198', '202cb962ac59075b964b07152d234b70', 'AFIF FAREED BIN AHMAD KHAIRUDDIN  ', '050426101198', '2021', 5),
(47, '050912050592', '202cb962ac59075b964b07152d234b70', 'NURALEYA ADLIN BINTI MOHAMAD AZAHAR  ', '050912050592', '2021', 3),
(48, '051220010439', '202cb962ac59075b964b07152d234b70', 'NURFARISYA EYLIA ATHIERAH BINTI MOHD AZMI  ', '051220010439', '2021', 4),
(49, '050812050245', '202cb962ac59075b964b07152d234b70', 'NUR AFRINA NATRISHA BINTI ABAS  ', '050812050245', '2021', 1),
(50, '050218040175', '202cb962ac59075b964b07152d234b70', 'MUHAMMAD FARISH HAQIEM BIN MOHD SHAHID  ', '050218040175', '2021', 2),
(51, '051227050505', '202cb962ac59075b964b07152d234b70', 'NUR ATHIRA AZWANA BINTI HAFIZ  ', '051227050505', '2021', 2),
(52, '050929050484', '202cb962ac59075b964b07152d234b70', 'NOR NADIA NADRISHYA BINTI NOR AZMI  ', '050929050484', '2021', 4),
(53, '050527100581', '202cb962ac59075b964b07152d234b70', 'NURSYAHIRAH BINTI ZAHARUDIN  ', '050527100581', '2021', 4),
(54, '050616050280', '202cb962ac59075b964b07152d234b70', 'ADDIN NAJMAN BIN ABDUL NIZAN  ', '050616050280', '2021', 1),
(55, '050310050341', '202cb962ac59075b964b07152d234b70', 'ANNIS FAQIHAH BINTI FAMEI  ', '050310050341', '2021', 3),
(56, '050221140062', '202cb962ac59075b964b07152d234b70', 'AZIM UMAR BIN AZMI  ', '050221140062', '2021', 2),
(57, '050822050097', '202cb962ac59075b964b07152d234b70', 'NURUL SYAZWANI BT ROSLI  ', '050822050097', '2021', 5),
(58, '050706050014', '202cb962ac59075b964b07152d234b70', 'AMIRUL ZAKWAN BIN AMIR  ', '050706050014', '2021', 3),
(59, '050915050141', '202cb962ac59075b964b07152d234b70', 'MUHAMMAD AMIRUL SYAKIR BIN SAFWAN  ', '050915050141', '2021', 3),
(60, '050629050183', '202cb962ac59075b964b07152d234b70', 'NUR HAIDA NASUHA BINTI JUNAIDI  ', '050629050183', '2021', 5),
(61, '050716060654', '202cb962ac59075b964b07152d234b70', 'ADAM HAIKAL BIN NOR AZIMIN  ', '050716060654', '2021', 4),
(62, '050211140683', '202cb962ac59075b964b07152d234b70', 'ZAYD BIN ZAKI  ', '050211140683', '2021', 4),
(63, '051021141006', '202cb962ac59075b964b07152d234b70', 'MUHAMAD FUDHAIL IYARD BIN AZIYAN  ', '051021141006', '2021', 3),
(64, '050907160025', '202cb962ac59075b964b07152d234b70', 'DALILI BINTI ROSMAN  ', '050907160025', '2021', 2),
(65, '050509050226', '202cb962ac59075b964b07152d234b70', 'NUR ZARITH SOFEA BINTI BORHAN  ', '050509050226', '2021', 2),
(66, '050430050047', '202cb962ac59075b964b07152d234b70', 'NUR HANA KHALILAH BINTI MOHAMAD NAWAWI  ', '050430050047', '2021', 1),
(67, '050116020309', '202cb962ac59075b964b07152d234b70', 'EMMA AERYN BINTI IRMAN  ', '050116020309', '2021', 3),
(68, '051122050111', '202cb962ac59075b964b07152d234b70', 'NUR HIDAYATUL AQILAH BINTI AHMAD ZAKI  ', '051122050111', '2021', 2),
(69, '050607050385', '202cb962ac59075b964b07152d234b70', 'MUHAMMAD KHAIRIN HAZIQ BIN ABDUL HALIM  ', '050607050385', '2021', 1),
(70, '051106060192', '202cb962ac59075b964b07152d234b70', 'MUHAMMAD SYAZWAN HAKIM BIN KAMARUDIN  ', '051106060192', '2021', 2),
(71, '050826010308', '202cb962ac59075b964b07152d234b70', 'MUHAMMAD ADIB BIN ZULKHAIRI  ', '050826010308', '2021', 5),
(72, '051227050118', '202cb962ac59075b964b07152d234b70', 'SYED MOHAMMAD THAQIF IZZUDDIN BIN SAYED MOHD ASRI  ', '051227050118', '2021', 4),
(73, '050814100656', '202cb962ac59075b964b07152d234b70', 'MUHD ZUL AZHAM BIN MAT NAZIR  ', '050814100656', '2021', 2),
(74, '050302050210', '202cb962ac59075b964b07152d234b70', 'MUHAMMAD AIMANUDDIN SAFWAN BIN ABD SAMAD  ', '050302050210', '2021', 4),
(75, '051111050087', '202cb962ac59075b964b07152d234b70', 'HARITH RIDHUAN BIN ZAHIDI  ', '051111050087', '2021', 2),
(76, '051127010872', '202cb962ac59075b964b07152d234b70', 'QAISARA UMAIRAH BINTI MOHD SANUSI  ', '051127010872', '2021', 1),
(77, '050920050269', '202cb962ac59075b964b07152d234b70', 'MUHAMMAD IKHMAL BIN ZAMBARI  ', '050920050269', '2021', 2),
(78, '050131100083', '202cb962ac59075b964b07152d234b70', 'NUR HUMAIRA BATRISYIA BINTI BADRULHISHAM  ', '050131100083', '2021', 4),
(79, '050727050427', '202cb962ac59075b964b07152d234b70', 'AIDA FARISYAH BINTI AZHAR  ', '050727050427', '2021', 1),
(80, '050627040483', '202cb962ac59075b964b07152d234b70', 'NURUL AFIFAH BINTI MOHD SHAH  ', '050627040483', '2021', 4),
(81, '051117050328', '202cb962ac59075b964b07152d234b70', 'WAN ARIF FIRDAUS BIN WAN ROSTAM  ', '051117050328', '2021', 4),
(82, '050111910046', '202cb962ac59075b964b07152d234b70', 'AFIQAH ZULAIKHA BT ANUAR  ', '050111910046', '2021', 5),
(83, '050822060164', '202cb962ac59075b964b07152d234b70', 'SITI AMIRA DIANA BINTI AZHAR  ', '050822060164', '2021', 4),
(84, '050915050088', '202cb962ac59075b964b07152d234b70', 'NUR ATIQAH AYUNIE BT AZLAN  ', '050915050088', '2021', 3),
(85, '050125100263', '202cb962ac59075b964b07152d234b70', 'MUHAMMAD FAZRIN BIN KHAIROL HIYSHAM  ', '050125100263', '2021', 1),
(86, '050216100840', '202cb962ac59075b964b07152d234b70', 'MUHAMMAD SYADIQ BIN SUPARI  ', '050216100840', '2021', 5),
(87, '051006100900', '202cb962ac59075b964b07152d234b70', 'MUHAMMAD UMAIR HAZIQ BIN SHUKERI  ', '051006100900', '2021', 2),
(88, '050619050235', '202cb962ac59075b964b07152d234b70', 'NURIN SYAMIMI BINTI MOHD SABRI  ', '050619050235', '2021', 2),
(89, '050114050088', '202cb962ac59075b964b07152d234b70', 'MOHD SHAFIE BIN OMAR  ', '050114050088', '2021', 2),
(90, '050203141029', '202cb962ac59075b964b07152d234b70', 'AHMAD SYARQAWI BIN AHMAD NORAZLAN  ', '050203141029', '2021', 2),
(91, '051003011355', '202cb962ac59075b964b07152d234b70', 'AMANINA HAZIRAH BINTI MOHD SOUFI  ', '051003011355', '2021', 2),
(92, '051028100338', '202cb962ac59075b964b07152d234b70', 'DAMIA YUSRA BINTI IDRUS  ', '051028100338', '2021', 5),
(93, '051121140158', '202cb962ac59075b964b07152d234b70', 'MOHAMAD NAUFAL AIMAN BIN SUHAIMI  ', '051121140158', '2021', 3),
(94, '050818050617', '202cb962ac59075b964b07152d234b70', 'MUHAMMAD NASRUDDIN BIN RAZLAN  ', '050818050617', '2021', 5),
(95, '051210060491', '202cb962ac59075b964b07152d234b70', 'HARISSA AFRINA BINTI HAZRAN  ', '051210060491', '2021', 4),
(96, '050123100825', '202cb962ac59075b964b07152d234b70', 'MUHAMMAD FARIZ NAJMUDDIN BIN MOHD RAIHAN  ', '050123100825', '2021', 2),
(97, '050713050485', '202cb962ac59075b964b07152d234b70', 'NUR AINA NABILA BINTI MOHD ZAIDI  ', '050713050485', '2021', 1),
(98, '050310050296', '202cb962ac59075b964b07152d234b70', 'NURAIN FATIHAH BINTI ADEAZAHERE  ', '050310050296', '2021', 5),
(99, '051105050208', '202cb962ac59075b964b07152d234b70', 'AMIR SYAFIQ BIN ABU AZMAR @ ABU AZHAR  ', '051105050208', '2021', 2),
(100, '050531010351', '202cb962ac59075b964b07152d234b70', 'NUR IZZATI SYAQEERA BINTI KHAIRIL  ', '050531010351', '2021', 3),
(101, '050208100883', '202cb962ac59075b964b07152d234b70', 'PUTERA SHAH NAWI BIN NOR AZAM  ', '050208100883', '2021', 1),
(102, '051116040291', '202cb962ac59075b964b07152d234b70', 'MUHAMMAD ISYRAQ ZAFRI BIN ZAMRU  ', '051116040291', '2021', 4),
(103, '051020050145', '202cb962ac59075b964b07152d234b70', 'MUHAMMAD HAZIQ BIN MOHD HASREEN AELIZAY  ', '051020050145', '2021', 2),
(104, '050528060139', '202cb962ac59075b964b07152d234b70', 'ADAM AQMAL BIN MARZUKHI  ', '050528060139', '2021', 1),
(105, '050805050423', '202cb962ac59075b964b07152d234b70', 'ABDUL NAIM BIN MOHD RIDZUAN  ', '050805050423', '2021', 2),
(106, '050514140699', '202cb962ac59075b964b07152d234b70', 'MUHAMMAD NABIL MUSTAQIM BIN ABD RAHMAN  ', '050514140699', '2021', 3),
(107, '050323010461', '202cb962ac59075b964b07152d234b70', 'ADAM HARITHS MUSTAFA BIN ZULHELMI  ', '050323010461', '2021', 3),
(108, '051209010518', '202cb962ac59075b964b07152d234b70', 'NURNALISA BINTI MOHD ARIZAN  ', '051209010518', '2021', 5),
(109, '050122040293', '202cb962ac59075b964b07152d234b70', 'AIMAN HAKIMI BIN SHUHAIZAT  ', '050122040293', '2021', 1),
(110, '050727010935', '202cb962ac59075b964b07152d234b70', 'MUHAMMAD NORHAZIQ HERRY BIN HERMAN  ', '050727010935', '2021', 3),
(111, '050306050234', '202cb962ac59075b964b07152d234b70', 'MUHAMMAD RUSYAIDI BIN SHAUPI  ', '050306050234', '2021', 4),
(112, '051117050520', '202cb962ac59075b964b07152d234b70', 'MUHAMAD ASLAH HARIS BIN MOHAMED ASRI  ', '051117050520', '2021', 3),
(113, '050930050334', '202cb962ac59075b964b07152d234b70', 'MUHAMMAD DANISH DARWISY BIN MOHD NORZAIDEE  ', '050930050334', '2021', 3),
(114, '050811040299', '202cb962ac59075b964b07152d234b70', 'MUHAMMAD HASIF BIN RIZAL  ', '050811040299', '2021', 3),
(115, '050829050487', '202cb962ac59075b964b07152d234b70', 'MUHAMMAD ASYRAF IZZUDDIN BIN AZLAN ABIDIN  ', '050829050487', '2021', 2),
(116, '050209140254', '202cb962ac59075b964b07152d234b70', 'NURANISAH ANATI BINTI MAZLAN  ', '050209140254', '2021', 2),
(117, '050617040076', '202cb962ac59075b964b07152d234b70', 'ALLYSSA DANIA BINTI MOHD SHAHRIL NIZAM  ', '050617040076', '2021', 5),
(118, '050328010241', '202cb962ac59075b964b07152d234b70', 'MUHAMMAD HADWAN BIN FAIZAL  ', '050328010241', '2021', 3),
(119, '050610140277', '202cb962ac59075b964b07152d234b70', 'MUHAMMAD FAHMI AMMAR BIN KAMAROL LAILI  ', '050610140277', '2021', 5),
(120, '050113100151', '202cb962ac59075b964b07152d234b70', 'HARIS ZULHILMI BIN HASWADI  ', '050113100151', '2021', 4),
(121, '050926050323', '202cb962ac59075b964b07152d234b70', 'NUR ATIKAH FARIEZA BINTI AMAT  ', '050926050323', '2021', 2),
(122, '050609050530', '202cb962ac59075b964b07152d234b70', 'SULAIMAN IBRAHIM BIN AZLAN  ', '050609050530', '2021', 5),
(123, '050314050349', '202cb962ac59075b964b07152d234b70', 'MUHAMMAD NAUFAL BIN BOHARI  ', '050314050349', '2021', 3),
(124, '050217050283', '202cb962ac59075b964b07152d234b70', 'NUR NATASYA BINTI MOHD SHAMSUL  ', '050217050283', '2021', 2),
(125, '050110050275', '202cb962ac59075b964b07152d234b70', 'MUHAMMAD IZZ IRFAN BIN MOHD SHAH  ', '050110050275', '2021', 3),
(126, '050531050070', '202cb962ac59075b964b07152d234b70', 'MAWARKU NORHARYANI BINTI MAZLI  ', '050531050070', '2021', 2),
(127, '050221140097', '202cb962ac59075b964b07152d234b70', 'NURUL NATASYA BINTI MOHD YUSHEIRY  ', '050221140097', '2021', 5),
(128, '050905100686', '202cb962ac59075b964b07152d234b70', 'AKMAL IRFAN BIN MOHD FAIZAL  ', '050905100686', '2021', 4),
(129, '050727140465', '202cb962ac59075b964b07152d234b70', 'NUR SYAFI BIN MUHAMMAD AZHAR  ', '050727140465', '2021', 1),
(130, '051011141096', '202cb962ac59075b964b07152d234b70', 'AZIM IZZUDDIN BIN ARIFFIN  ', '051011141096', '2021', 3),
(131, '051231040182', '202cb962ac59075b964b07152d234b70', 'KU IRFAN FITRI BIN KU HASRI  ', '051231040182', '2021', 3),
(132, '050501050328', '202cb962ac59075b964b07152d234b70', 'MUHAMMAD NURHAIKAL BIN NORHAZZNY  ', '050501050328', '2021', 4),
(133, '050107110417', '202cb962ac59075b964b07152d234b70', 'NUR KHALIZ AINA BINTI MOHD KHAIRUL  ', '050107110417', '2021', 2),
(134, '050417110156', '202cb962ac59075b964b07152d234b70', 'ARMAN NAJMUDDEEN BIN ANUAR  ', '050417110156', '2021', 4),
(135, '050110050312', '202cb962ac59075b964b07152d234b70', 'IZZAIRI DANIEL BIN MOHD DANIEL  ', '050110050312', '2021', 3),
(136, '050920141232', '202cb962ac59075b964b07152d234b70', 'ILHAM MUIZUDDIN B NOOR HISAMSOL  ', '050920141232', '2021', 3),
(137, '051006050261', '202cb962ac59075b964b07152d234b70', 'MUHAMMAD AKMAL SAIFULLAH BIN MOHD HUZAINI  ', '051006050261', '2021', 4);

-- --------------------------------------------------------

--
-- Table structure for table `student_answer`
--

CREATE TABLE `student_answer` (
  `id` int(11) NOT NULL,
  `std_id` int(11) NOT NULL,
  `quiz_id` int(11) NOT NULL,
  `question_id` int(11) NOT NULL,
  `is_right` int(11) DEFAULT NULL COMMENT '1=correct, 0=incorrect'
) ENGINE=InnoDB DEFAULT CHARSET=latin1;

--
-- Dumping data for table `student_answer`
--

INSERT INTO `student_answer` (`id`, `std_id`, `quiz_id`, `question_id`, `is_right`) VALUES
(1, 1, 1, 1, 0),
(2, 1, 1, 2, 1),
(3, 1, 1, 3, 0),
(4, 1, 1, 4, 1),
(5, 1, 1, 5, 1),
(6, 1, 1, 6, 1),
(7, 1, 1, 7, 1),
(8, 1, 1, 8, 1);

-- --------------------------------------------------------

--
-- Table structure for table `student_quiz`
--

CREATE TABLE `student_quiz` (
  `id` int(11) NOT NULL,
  `quiz_id` int(11) NOT NULL,
  `class_id` int(11) NOT NULL,
  `date_updated` datetime NOT NULL DEFAULT current_timestamp() ON UPDATE current_timestamp()
) ENGINE=InnoDB DEFAULT CHARSET=latin1;

--
-- Dumping data for table `student_quiz`
--

INSERT INTO `student_quiz` (`id`, `quiz_id`, `class_id`, `date_updated`) VALUES
(1, 1, 1, '2022-07-28 22:24:08'),
(2, 1, 2, '2022-07-28 22:24:08'),
(3, 1, 3, '2022-07-28 22:24:08'),
(4, 1, 4, '2022-07-28 22:24:08'),
(5, 1, 5, '2022-07-28 22:24:08'),
(6, 1, 0, '2022-07-28 22:24:08');

-- --------------------------------------------------------

--
-- Table structure for table `student_score`
--

CREATE TABLE `student_score` (
  `id` int(11) NOT NULL,
  `quiz_id` int(11) NOT NULL,
  `std_id` int(11) NOT NULL,
  `std_points` int(11) NOT NULL,
  `total_points` int(11) NOT NULL,
  `date_updated` datetime NOT NULL DEFAULT current_timestamp() ON UPDATE current_timestamp()
) ENGINE=InnoDB DEFAULT CHARSET=latin1;

-- --------------------------------------------------------

--
-- Table structure for table `user`
--

CREATE TABLE `user` (
  `u_id` int(11) NOT NULL,
  `user_name` varchar(150) NOT NULL,
  `u_username` varchar(30) NOT NULL,
  `u_password` varchar(35) NOT NULL,
  `u_access_lvl` tinyint(4) NOT NULL,
  `date_updated` datetime NOT NULL DEFAULT current_timestamp() ON UPDATE current_timestamp()
) ENGINE=InnoDB DEFAULT CHARSET=latin1;

--
-- Dumping data for table `user`
--

INSERT INTO `user` (`u_id`, `user_name`, `u_username`, `u_password`, `u_access_lvl`, `date_updated`) VALUES
(1, 'Administrator', 'admin', 'e3274be5c857fb42ab72d786e281b4b8', 1, '2022-07-28 21:00:06'),
(2, 'Administrator_2', 'admin2', '6cb75f652a9b52798eb6cf2201057c73', 1, '2022-07-28 21:00:37'),
(3, 'HARIMAH BT BAHARI', 'harimah', '202cb962ac59075b964b07152d234b70', 2, '2022-07-28 21:04:13');

--
-- Indexes for dumped tables
--

--
-- Indexes for table `class`
--
ALTER TABLE `class`
  ADD PRIMARY KEY (`class_id`);

--
-- Indexes for table `question`
--
ALTER TABLE `question`
  ADD PRIMARY KEY (`id`);

--
-- Indexes for table `question_option`
--
ALTER TABLE `question_option`
  ADD PRIMARY KEY (`id`);

--
-- Indexes for table `quiz_list`
--
ALTER TABLE `quiz_list`
  ADD PRIMARY KEY (`id`);

--
-- Indexes for table `student`
--
ALTER TABLE `student`
  ADD PRIMARY KEY (`std_id`);

--
-- Indexes for table `student_answer`
--
ALTER TABLE `student_answer`
  ADD PRIMARY KEY (`id`);

--
-- Indexes for table `student_quiz`
--
ALTER TABLE `student_quiz`
  ADD PRIMARY KEY (`id`);

--
-- Indexes for table `student_score`
--
ALTER TABLE `student_score`
  ADD PRIMARY KEY (`id`);

--
-- Indexes for table `user`
--
ALTER TABLE `user`
  ADD PRIMARY KEY (`u_id`);

--
-- AUTO_INCREMENT for dumped tables
--

--
-- AUTO_INCREMENT for table `class`
--
ALTER TABLE `class`
  MODIFY `class_id` int(11) NOT NULL AUTO_INCREMENT, AUTO_INCREMENT=6;

--
-- AUTO_INCREMENT for table `question`
--
ALTER TABLE `question`
  MODIFY `id` int(11) NOT NULL AUTO_INCREMENT, AUTO_INCREMENT=9;

--
-- AUTO_INCREMENT for table `question_option`
--
ALTER TABLE `question_option`
  MODIFY `id` int(11) NOT NULL AUTO_INCREMENT, AUTO_INCREMENT=34;

--
-- AUTO_INCREMENT for table `quiz_list`
--
ALTER TABLE `quiz_list`
  MODIFY `id` int(11) NOT NULL AUTO_INCREMENT, AUTO_INCREMENT=2;

--
-- AUTO_INCREMENT for table `student`
--
ALTER TABLE `student`
  MODIFY `std_id` int(11) NOT NULL AUTO_INCREMENT, AUTO_INCREMENT=138;

--
-- AUTO_INCREMENT for table `student_answer`
--
ALTER TABLE `student_answer`
  MODIFY `id` int(11) NOT NULL AUTO_INCREMENT, AUTO_INCREMENT=9;

--
-- AUTO_INCREMENT for table `student_quiz`
--
ALTER TABLE `student_quiz`
  MODIFY `id` int(11) NOT NULL AUTO_INCREMENT, AUTO_INCREMENT=7;

--
-- AUTO_INCREMENT for table `student_score`
--
ALTER TABLE `student_score`
  MODIFY `id` int(11) NOT NULL AUTO_INCREMENT, AUTO_INCREMENT=2;

--
-- AUTO_INCREMENT for table `user`
--
ALTER TABLE `user`
  MODIFY `u_id` int(11) NOT NULL AUTO_INCREMENT, AUTO_INCREMENT=7;
COMMIT;

/*!40101 SET CHARACTER_SET_CLIENT=@OLD_CHARACTER_SET_CLIENT */;
/*!40101 SET CHARACTER_SET_RESULTS=@OLD_CHARACTER_SET_RESULTS */;
/*!40101 SET COLLATION_CONNECTION=@OLD_COLLATION_CONNECTION */;
